image_path,mask_path
/dev/shm/myramdisk/PH2_resized_224/imgs/IMD138.bmp,/dev/shm/myramdisk/PH2_resized_224/segs/IMD138_lesion.bmp
/dev/shm/myramdisk/PH2_resized_224/imgs/IMD399.bmp,/dev/shm/myramdisk/PH2_resized_224/segs/IMD399_lesion.bmp
/dev/shm/myramdisk/PH2_resized_224/imgs/IMD061.bmp,/dev/shm/myramdisk/PH2_resized_224/segs/IMD061_lesion.bmp
/dev/shm/myramdisk/PH2_resized_224/imgs/IMD103.bmp,/dev/shm/myramdisk/PH2_resized_224/segs/IMD103_lesion.bmp
/dev/shm/myramdisk/PH2_resized_224/imgs/IMD381.bmp,/dev/shm/myramdisk/PH2_resized_224/segs/IMD381_lesion.bmp
/dev/shm/myramdisk/PH2_resized_224/imgs/IMD240.bmp,/dev/shm/myramdisk/PH2_resized_224/segs/IMD240_lesion.bmp
/dev/shm/myramdisk/PH2_resized_224/imgs/IMD206.bmp,/dev/shm/myramdisk/PH2_resized_224/segs/IMD206_lesion.bmp
/dev/shm/myramdisk/PH2_resized_224/imgs/IMD025.bmp,/dev/shm/myramdisk/PH2_resized_224/segs/IMD025_lesion.bmp
/dev/shm/myramdisk/PH2_resized_224/imgs/IMD024.bmp,/dev/shm/myramdisk/PH2_resized_224/segs/IMD024_lesion.bmp
/dev/shm/myramdisk/PH2_resized_224/imgs/IMD430.bmp,/dev/shm/myramdisk/PH2_resized_224/segs/IMD430_lesion.bmp
/dev/shm/myramdisk/PH2_resized_224/imgs/IMD432.bmp,/dev/shm/myramdisk/PH2_resized_224/segs/IMD432_lesion.bmp
/dev/shm/myramdisk/PH2_resized_224/imgs/IMD285.bmp,/dev/shm/myramdisk/PH2_resized_224/segs/IMD285_lesion.bmp
/dev/shm/myramdisk/PH2_resized_224/imgs/IMD420.bmp,/dev/shm/myramdisk/PH2_resized_224/segs/IMD420_lesion.bmp
/dev/shm/myramdisk/PH2_resized_224/imgs/IMD108.bmp,/dev/shm/myramdisk/PH2_resized_224/segs/IMD108_lesion.bmp
/dev/shm/myramdisk/PH2_resized_224/imgs/IMD176.bmp,/dev/shm/myramdisk/PH2_resized_224/segs/IMD176_lesion.bmp
/dev/shm/myramdisk/PH2_resized_224/imgs/IMD135.bmp,/dev/shm/myramdisk/PH2_resized_224/segs/IMD135_lesion.bmp
/dev/shm/myramdisk/PH2_resized_224/imgs/IMD434.bmp,/dev/shm/myramdisk/PH2_resized_224/segs/IMD434_lesion.bmp
/dev/shm/myramdisk/PH2_resized_224/imgs/IMD204.bmp,/dev/shm/myramdisk/PH2_resized_224/segs/IMD204_lesion.bmp
/dev/shm/myramdisk/PH2_resized_224/imgs/IMD154.bmp,/dev/shm/myramdisk/PH2_resized_224/segs/IMD154_lesion.bmp
/dev/shm/myramdisk/PH2_resized_224/imgs/IMD400.bmp,/dev/shm/myramdisk/PH2_resized_224/segs/IMD400_lesion.bmp
/dev/shm/myramdisk/PH2_resized_224/imgs/IMD431.bmp,/dev/shm/myramdisk/PH2_resized_224/segs/IMD431_lesion.bmp
/dev/shm/myramdisk/PH2_resized_224/imgs/IMD398.bmp,/dev/shm/myramdisk/PH2_resized_224/segs/IMD398_lesion.bmp
/dev/shm/myramdisk/PH2_resized_224/imgs/IMD009.bmp,/dev/shm/myramdisk/PH2_resized_224/segs/IMD009_lesion.bmp
/dev/shm/myramdisk/PH2_resized_224/imgs/IMD304.bmp,/dev/shm/myramdisk/PH2_resized_224/segs/IMD304_lesion.bmp
/dev/shm/myramdisk/PH2_resized_224/imgs/IMD425.bmp,/dev/shm/myramdisk/PH2_resized_224/segs/IMD425_lesion.bmp
/dev/shm/myramdisk/PH2_resized_224/imgs/IMD022.bmp,/dev/shm/myramdisk/PH2_resized_224/segs/IMD022_lesion.bmp
/dev/shm/myramdisk/PH2_resized_224/imgs/IMD211.bmp,/dev/shm/myramdisk/PH2_resized_224/segs/IMD211_lesion.bmp
/dev/shm/myramdisk/PH2_resized_224/imgs/IMD411.bmp,/dev/shm/myramdisk/PH2_resized_224/segs/IMD411_lesion.bmp
/dev/shm/myramdisk/PH2_resized_224/imgs/IMD013.bmp,/dev/shm/myramdisk/PH2_resized_224/segs/IMD013_lesion.bmp
/dev/shm/myramdisk/PH2_resized_224/imgs/IMD168.bmp,/dev/shm/myramdisk/PH2_resized_224/segs/IMD168_lesion.bmp
/dev/shm/myramdisk/PH2_resized_224/imgs/IMD372.bmp,/dev/shm/myramdisk/PH2_resized_224/segs/IMD372_lesion.bmp
/dev/shm/myramdisk/PH2_resized_224/imgs/IMD166.bmp,/dev/shm/myramdisk/PH2_resized_224/segs/IMD166_lesion.bmp
/dev/shm/myramdisk/PH2_resized_224/imgs/IMD410.bmp,/dev/shm/myramdisk/PH2_resized_224/segs/IMD410_lesion.bmp
/dev/shm/myramdisk/PH2_resized_224/imgs/IMD169.bmp,/dev/shm/myramdisk/PH2_resized_224/segs/IMD169_lesion.bmp
/dev/shm/myramdisk/PH2_resized_224/imgs/IMD042.bmp,/dev/shm/myramdisk/PH2_resized_224/segs/IMD042_lesion.bmp
/dev/shm/myramdisk/PH2_resized_224/imgs/IMD388.bmp,/dev/shm/myramdisk/PH2_resized_224/segs/IMD388_lesion.bmp
/dev/shm/myramdisk/PH2_resized_224/imgs/IMD182.bmp,/dev/shm/myramdisk/PH2_resized_224/segs/IMD182_lesion.bmp
/dev/shm/myramdisk/PH2_resized_224/imgs/IMD408.bmp,/dev/shm/myramdisk/PH2_resized_224/segs/IMD408_lesion.bmp
/dev/shm/myramdisk/PH2_resized_224/imgs/IMD088.bmp,/dev/shm/myramdisk/PH2_resized_224/segs/IMD088_lesion.bmp
/dev/shm/myramdisk/PH2_resized_224/imgs/IMD156.bmp,/dev/shm/myramdisk/PH2_resized_224/segs/IMD156_lesion.bmp
/dev/shm/myramdisk/PH2_resized_224/imgs/IMD376.bmp,/dev/shm/myramdisk/PH2_resized_224/segs/IMD376_lesion.bmp
/dev/shm/myramdisk/PH2_resized_224/imgs/IMD143.bmp,/dev/shm/myramdisk/PH2_resized_224/segs/IMD143_lesion.bmp
/dev/shm/myramdisk/PH2_resized_224/imgs/IMD063.bmp,/dev/shm/myramdisk/PH2_resized_224/segs/IMD063_lesion.bmp
/dev/shm/myramdisk/PH2_resized_224/imgs/IMD426.bmp,/dev/shm/myramdisk/PH2_resized_224/segs/IMD426_lesion.bmp
/dev/shm/myramdisk/PH2_resized_224/imgs/IMD014.bmp,/dev/shm/myramdisk/PH2_resized_224/segs/IMD014_lesion.bmp
/dev/shm/myramdisk/PH2_resized_224/imgs/IMD147.bmp,/dev/shm/myramdisk/PH2_resized_224/segs/IMD147_lesion.bmp
/dev/shm/myramdisk/PH2_resized_224/imgs/IMD045.bmp,/dev/shm/myramdisk/PH2_resized_224/segs/IMD045_lesion.bmp
/dev/shm/myramdisk/PH2_resized_224/imgs/IMD389.bmp,/dev/shm/myramdisk/PH2_resized_224/segs/IMD389_lesion.bmp
/dev/shm/myramdisk/PH2_resized_224/imgs/IMD436.bmp,/dev/shm/myramdisk/PH2_resized_224/segs/IMD436_lesion.bmp
/dev/shm/myramdisk/PH2_resized_224/imgs/IMD075.bmp,/dev/shm/myramdisk/PH2_resized_224/segs/IMD075_lesion.bmp
/dev/shm/myramdisk/PH2_resized_224/imgs/IMD161.bmp,/dev/shm/myramdisk/PH2_resized_224/segs/IMD161_lesion.bmp
/dev/shm/myramdisk/PH2_resized_224/imgs/IMD023.bmp,/dev/shm/myramdisk/PH2_resized_224/segs/IMD023_lesion.bmp
/dev/shm/myramdisk/PH2_resized_224/imgs/IMD043.bmp,/dev/shm/myramdisk/PH2_resized_224/segs/IMD043_lesion.bmp
/dev/shm/myramdisk/PH2_resized_224/imgs/IMD256.bmp,/dev/shm/myramdisk/PH2_resized_224/segs/IMD256_lesion.bmp
/dev/shm/myramdisk/PH2_resized_224/imgs/IMD312.bmp,/dev/shm/myramdisk/PH2_resized_224/segs/IMD312_lesion.bmp
/dev/shm/myramdisk/PH2_resized_224/imgs/IMD279.bmp,/dev/shm/myramdisk/PH2_resized_224/segs/IMD279_lesion.bmp
/dev/shm/myramdisk/PH2_resized_224/imgs/IMD048.bmp,/dev/shm/myramdisk/PH2_resized_224/segs/IMD048_lesion.bmp
/dev/shm/myramdisk/PH2_resized_224/imgs/IMD423.bmp,/dev/shm/myramdisk/PH2_resized_224/segs/IMD423_lesion.bmp
/dev/shm/myramdisk/PH2_resized_224/imgs/IMD370.bmp,/dev/shm/myramdisk/PH2_resized_224/segs/IMD370_lesion.bmp
/dev/shm/myramdisk/PH2_resized_224/imgs/IMD139.bmp,/dev/shm/myramdisk/PH2_resized_224/segs/IMD139_lesion.bmp
/dev/shm/myramdisk/PH2_resized_224/imgs/IMD016.bmp,/dev/shm/myramdisk/PH2_resized_224/segs/IMD016_lesion.bmp
/dev/shm/myramdisk/PH2_resized_224/imgs/IMD173.bmp,/dev/shm/myramdisk/PH2_resized_224/segs/IMD173_lesion.bmp
/dev/shm/myramdisk/PH2_resized_224/imgs/IMD177.bmp,/dev/shm/myramdisk/PH2_resized_224/segs/IMD177_lesion.bmp
/dev/shm/myramdisk/PH2_resized_224/imgs/IMD030.bmp,/dev/shm/myramdisk/PH2_resized_224/segs/IMD030_lesion.bmp
/dev/shm/myramdisk/PH2_resized_224/imgs/IMD384.bmp,/dev/shm/myramdisk/PH2_resized_224/segs/IMD384_lesion.bmp
/dev/shm/myramdisk/PH2_resized_224/imgs/IMD437.bmp,/dev/shm/myramdisk/PH2_resized_224/segs/IMD437_lesion.bmp
/dev/shm/myramdisk/PH2_resized_224/imgs/IMD382.bmp,/dev/shm/myramdisk/PH2_resized_224/segs/IMD382_lesion.bmp
/dev/shm/myramdisk/PH2_resized_224/imgs/IMD035.bmp,/dev/shm/myramdisk/PH2_resized_224/segs/IMD035_lesion.bmp
/dev/shm/myramdisk/PH2_resized_224/imgs/IMD197.bmp,/dev/shm/myramdisk/PH2_resized_224/segs/IMD197_lesion.bmp
/dev/shm/myramdisk/PH2_resized_224/imgs/IMD203.bmp,/dev/shm/myramdisk/PH2_resized_224/segs/IMD203_lesion.bmp
/dev/shm/myramdisk/PH2_resized_224/imgs/IMD339.bmp,/dev/shm/myramdisk/PH2_resized_224/segs/IMD339_lesion.bmp
/dev/shm/myramdisk/PH2_resized_224/imgs/IMD369.bmp,/dev/shm/myramdisk/PH2_resized_224/segs/IMD369_lesion.bmp
/dev/shm/myramdisk/PH2_resized_224/imgs/IMD155.bmp,/dev/shm/myramdisk/PH2_resized_224/segs/IMD155_lesion.bmp
/dev/shm/myramdisk/PH2_resized_224/imgs/IMD033.bmp,/dev/shm/myramdisk/PH2_resized_224/segs/IMD033_lesion.bmp
/dev/shm/myramdisk/PH2_resized_224/imgs/IMD134.bmp,/dev/shm/myramdisk/PH2_resized_224/segs/IMD134_lesion.bmp
/dev/shm/myramdisk/PH2_resized_224/imgs/IMD133.bmp,/dev/shm/myramdisk/PH2_resized_224/segs/IMD133_lesion.bmp
/dev/shm/myramdisk/PH2_resized_224/imgs/IMD132.bmp,/dev/shm/myramdisk/PH2_resized_224/segs/IMD132_lesion.bmp
/dev/shm/myramdisk/PH2_resized_224/imgs/IMD027.bmp,/dev/shm/myramdisk/PH2_resized_224/segs/IMD027_lesion.bmp
/dev/shm/myramdisk/PH2_resized_224/imgs/IMD137.bmp,/dev/shm/myramdisk/PH2_resized_224/segs/IMD137_lesion.bmp
/dev/shm/myramdisk/PH2_resized_224/imgs/IMD207.bmp,/dev/shm/myramdisk/PH2_resized_224/segs/IMD207_lesion.bmp
/dev/shm/myramdisk/PH2_resized_224/imgs/IMD038.bmp,/dev/shm/myramdisk/PH2_resized_224/segs/IMD038_lesion.bmp
/dev/shm/myramdisk/PH2_resized_224/imgs/IMD085.bmp,/dev/shm/myramdisk/PH2_resized_224/segs/IMD085_lesion.bmp
/dev/shm/myramdisk/PH2_resized_224/imgs/IMD435.bmp,/dev/shm/myramdisk/PH2_resized_224/segs/IMD435_lesion.bmp
/dev/shm/myramdisk/PH2_resized_224/imgs/IMD149.bmp,/dev/shm/myramdisk/PH2_resized_224/segs/IMD149_lesion.bmp
/dev/shm/myramdisk/PH2_resized_224/imgs/IMD175.bmp,/dev/shm/myramdisk/PH2_resized_224/segs/IMD175_lesion.bmp
/dev/shm/myramdisk/PH2_resized_224/imgs/IMD006.bmp,/dev/shm/myramdisk/PH2_resized_224/segs/IMD006_lesion.bmp
/dev/shm/myramdisk/PH2_resized_224/imgs/IMD219.bmp,/dev/shm/myramdisk/PH2_resized_224/segs/IMD219_lesion.bmp
/dev/shm/myramdisk/PH2_resized_224/imgs/IMD010.bmp,/dev/shm/myramdisk/PH2_resized_224/segs/IMD010_lesion.bmp
/dev/shm/myramdisk/PH2_resized_224/imgs/IMD375.bmp,/dev/shm/myramdisk/PH2_resized_224/segs/IMD375_lesion.bmp
/dev/shm/myramdisk/PH2_resized_224/imgs/IMD208.bmp,/dev/shm/myramdisk/PH2_resized_224/segs/IMD208_lesion.bmp
/dev/shm/myramdisk/PH2_resized_224/imgs/IMD049.bmp,/dev/shm/myramdisk/PH2_resized_224/segs/IMD049_lesion.bmp
/dev/shm/myramdisk/PH2_resized_224/imgs/IMD004.bmp,/dev/shm/myramdisk/PH2_resized_224/segs/IMD004_lesion.bmp
/dev/shm/myramdisk/PH2_resized_224/imgs/IMD394.bmp,/dev/shm/myramdisk/PH2_resized_224/segs/IMD394_lesion.bmp
/dev/shm/myramdisk/PH2_resized_224/imgs/IMD196.bmp,/dev/shm/myramdisk/PH2_resized_224/segs/IMD196_lesion.bmp
/dev/shm/myramdisk/PH2_resized_224/imgs/IMD305.bmp,/dev/shm/myramdisk/PH2_resized_224/segs/IMD305_lesion.bmp
/dev/shm/myramdisk/PH2_resized_224/imgs/IMD397.bmp,/dev/shm/myramdisk/PH2_resized_224/segs/IMD397_lesion.bmp
/dev/shm/myramdisk/PH2_resized_224/imgs/IMD406.bmp,/dev/shm/myramdisk/PH2_resized_224/segs/IMD406_lesion.bmp
/dev/shm/myramdisk/PH2_resized_224/imgs/IMD418.bmp,/dev/shm/myramdisk/PH2_resized_224/segs/IMD418_lesion.bmp
/dev/shm/myramdisk/PH2_resized_224/imgs/IMD090.bmp,/dev/shm/myramdisk/PH2_resized_224/segs/IMD090_lesion.bmp
/dev/shm/myramdisk/PH2_resized_224/imgs/IMD242.bmp,/dev/shm/myramdisk/PH2_resized_224/segs/IMD242_lesion.bmp
/dev/shm/myramdisk/PH2_resized_224/imgs/IMD306.bmp,/dev/shm/myramdisk/PH2_resized_224/segs/IMD306_lesion.bmp
/dev/shm/myramdisk/PH2_resized_224/imgs/IMD021.bmp,/dev/shm/myramdisk/PH2_resized_224/segs/IMD021_lesion.bmp
/dev/shm/myramdisk/PH2_resized_224/imgs/IMD200.bmp,/dev/shm/myramdisk/PH2_resized_224/segs/IMD200_lesion.bmp
/dev/shm/myramdisk/PH2_resized_224/imgs/IMD328.bmp,/dev/shm/myramdisk/PH2_resized_224/segs/IMD328_lesion.bmp
/dev/shm/myramdisk/PH2_resized_224/imgs/IMD044.bmp,/dev/shm/myramdisk/PH2_resized_224/segs/IMD044_lesion.bmp
/dev/shm/myramdisk/PH2_resized_224/imgs/IMD017.bmp,/dev/shm/myramdisk/PH2_resized_224/segs/IMD017_lesion.bmp
/dev/shm/myramdisk/PH2_resized_224/imgs/IMD404.bmp,/dev/shm/myramdisk/PH2_resized_224/segs/IMD404_lesion.bmp
/dev/shm/myramdisk/PH2_resized_224/imgs/IMD280.bmp,/dev/shm/myramdisk/PH2_resized_224/segs/IMD280_lesion.bmp
/dev/shm/myramdisk/PH2_resized_224/imgs/IMD421.bmp,/dev/shm/myramdisk/PH2_resized_224/segs/IMD421_lesion.bmp
/dev/shm/myramdisk/PH2_resized_224/imgs/IMD409.bmp,/dev/shm/myramdisk/PH2_resized_224/segs/IMD409_lesion.bmp
/dev/shm/myramdisk/PH2_resized_224/imgs/IMD356.bmp,/dev/shm/myramdisk/PH2_resized_224/segs/IMD356_lesion.bmp
/dev/shm/myramdisk/PH2_resized_224/imgs/IMD036.bmp,/dev/shm/myramdisk/PH2_resized_224/segs/IMD036_lesion.bmp
/dev/shm/myramdisk/PH2_resized_224/imgs/IMD150.bmp,/dev/shm/myramdisk/PH2_resized_224/segs/IMD150_lesion.bmp
/dev/shm/myramdisk/PH2_resized_224/imgs/IMD107.bmp,/dev/shm/myramdisk/PH2_resized_224/segs/IMD107_lesion.bmp
/dev/shm/myramdisk/PH2_resized_224/imgs/IMD018.bmp,/dev/shm/myramdisk/PH2_resized_224/segs/IMD018_lesion.bmp
/dev/shm/myramdisk/PH2_resized_224/imgs/IMD417.bmp,/dev/shm/myramdisk/PH2_resized_224/segs/IMD417_lesion.bmp
/dev/shm/myramdisk/PH2_resized_224/imgs/IMD125.bmp,/dev/shm/myramdisk/PH2_resized_224/segs/IMD125_lesion.bmp
/dev/shm/myramdisk/PH2_resized_224/imgs/IMD065.bmp,/dev/shm/myramdisk/PH2_resized_224/segs/IMD065_lesion.bmp
/dev/shm/myramdisk/PH2_resized_224/imgs/IMD348.bmp,/dev/shm/myramdisk/PH2_resized_224/segs/IMD348_lesion.bmp
/dev/shm/myramdisk/PH2_resized_224/imgs/IMD153.bmp,/dev/shm/myramdisk/PH2_resized_224/segs/IMD153_lesion.bmp
/dev/shm/myramdisk/PH2_resized_224/imgs/IMD078.bmp,/dev/shm/myramdisk/PH2_resized_224/segs/IMD078_lesion.bmp
/dev/shm/myramdisk/PH2_resized_224/imgs/IMD118.bmp,/dev/shm/myramdisk/PH2_resized_224/segs/IMD118_lesion.bmp
/dev/shm/myramdisk/PH2_resized_224/imgs/IMD374.bmp,/dev/shm/myramdisk/PH2_resized_224/segs/IMD374_lesion.bmp
/dev/shm/myramdisk/PH2_resized_224/imgs/IMD170.bmp,/dev/shm/myramdisk/PH2_resized_224/segs/IMD170_lesion.bmp
/dev/shm/myramdisk/PH2_resized_224/imgs/IMD140.bmp,/dev/shm/myramdisk/PH2_resized_224/segs/IMD140_lesion.bmp
/dev/shm/myramdisk/PH2_resized_224/imgs/IMD379.bmp,/dev/shm/myramdisk/PH2_resized_224/segs/IMD379_lesion.bmp
/dev/shm/myramdisk/PH2_resized_224/imgs/IMD057.bmp,/dev/shm/myramdisk/PH2_resized_224/segs/IMD057_lesion.bmp
/dev/shm/myramdisk/PH2_resized_224/imgs/IMD142.bmp,/dev/shm/myramdisk/PH2_resized_224/segs/IMD142_lesion.bmp
/dev/shm/myramdisk/PH2_resized_224/imgs/IMD378.bmp,/dev/shm/myramdisk/PH2_resized_224/segs/IMD378_lesion.bmp
/dev/shm/myramdisk/PH2_resized_224/imgs/IMD050.bmp,/dev/shm/myramdisk/PH2_resized_224/segs/IMD050_lesion.bmp
/dev/shm/myramdisk/PH2_resized_224/imgs/IMD433.bmp,/dev/shm/myramdisk/PH2_resized_224/segs/IMD433_lesion.bmp
/dev/shm/myramdisk/PH2_resized_224/imgs/IMD041.bmp,/dev/shm/myramdisk/PH2_resized_224/segs/IMD041_lesion.bmp
/dev/shm/myramdisk/PH2_resized_224/imgs/IMD360.bmp,/dev/shm/myramdisk/PH2_resized_224/segs/IMD360_lesion.bmp
/dev/shm/myramdisk/PH2_resized_224/imgs/IMD386.bmp,/dev/shm/myramdisk/PH2_resized_224/segs/IMD386_lesion.bmp
/dev/shm/myramdisk/PH2_resized_224/imgs/IMD101.bmp,/dev/shm/myramdisk/PH2_resized_224/segs/IMD101_lesion.bmp
/dev/shm/myramdisk/PH2_resized_224/imgs/IMD347.bmp,/dev/shm/myramdisk/PH2_resized_224/segs/IMD347_lesion.bmp
/dev/shm/myramdisk/PH2_resized_224/imgs/IMD047.bmp,/dev/shm/myramdisk/PH2_resized_224/segs/IMD047_lesion.bmp
/dev/shm/myramdisk/PH2_resized_224/imgs/IMD040.bmp,/dev/shm/myramdisk/PH2_resized_224/segs/IMD040_lesion.bmp
/dev/shm/myramdisk/PH2_resized_224/imgs/IMD403.bmp,/dev/shm/myramdisk/PH2_resized_224/segs/IMD403_lesion.bmp
/dev/shm/myramdisk/PH2_resized_224/imgs/IMD092.bmp,/dev/shm/myramdisk/PH2_resized_224/segs/IMD092_lesion.bmp
